ID,Module,Tag,Tên,Loại,Đối chiếu ký hiệu lần này,Có vùng mới đối chiếu,Tiếp cận cập nhật,Cần xác minh thêm
feed::ASENCN4,feed,ASENCN4,ASENCN4,connector,Chưa đối chiếu lại,1,Có,
feed::PFPC,feed,PFPC,PFPC,sensor,Có,1,,
feed::PODM,feed,PODM,PODM,motor_solenoid,Chưa đối chiếu lại,0,,
feed::PDFC,feed,PDFC,PDFC,sensor,Chưa đối chiếu lại,0,,
feed::PSDM,feed,PSDM,PSDM,motor_solenoid,Chưa đối chiếu lại,0,,
feed::ASENCN3,feed,ASENCN3,ASENCN3,connector,Chưa đối chiếu lại,1,Có,
feed::PSAC,feed,PSAC,PSAC,sensor,Có,1,,Vùng cụm / mẫu vị trí cassette
feed::PPH02,feed,PPH02,PPH02,connector,Chưa đối chiếu lại,0,,
feed::PPAC,feed,PPAC,Accept position sensor,sensor,Có,2,Có,Vùng cụm / mẫu vị trí cassette
feed::PPCC,feed,PPCC,PPCC,sensor,Có,2,,Vùng cụm / mẫu vị trí cassette
feed::PPPC,feed,PPPC,PPPC,sensor,Có,1,,
feed::PPDM,feed,PPDM,PPDM,motor_solenoid,Chưa đối chiếu lại,0,,
feed::PPDC,feed,PPDC,PPDC,sensor,Có,2,,Vùng cụm / mẫu vị trí cassette
feed::PPWC,feed,PPWC,PPWC,sensor,Có,2,,Vùng cụm / mẫu vị trí cassette
feed::PRDC,feed,PRDC,PRDC,sensor,Có,2,,Vùng cụm / mẫu vị trí cassette
feed::PRDM,feed,PRDM,PRDM,motor_solenoid,Chưa đối chiếu lại,0,,
feed::PRHC,feed,PRHC,PRHC,sensor,Có,2,,Vùng cụm / mẫu vị trí cassette
feed::PFHC,feed,PFHC,PFHC,sensor,Chưa đối chiếu lại,0,,
feed::PFDM,feed,PFDM,PFDM,motor_solenoid,Chưa đối chiếu lại,0,,
feed::PPH03,feed,PPH03,PPH03,connector,Chưa đối chiếu lại,0,,
feed::PFFC,feed,PFFC,PFFC,sensor,Có,1,,Vùng cụm / mẫu vị trí cassette
feed::PLHC,feed,PLHC,PLHC,sensor,Có,2,,Vùng cụm / mẫu vị trí cassette
feed::PLDM,feed,PLDM,PLDM,motor_solenoid,Chưa đối chiếu lại,0,,
feed::PLDC,feed,PLDC,PLDC,sensor,Có,1,,Vùng cụm / mẫu vị trí cassette
feed::PPH01,feed,PPH01,PPH01,connector,Chưa đối chiếu lại,0,,
feed::PTHC,feed,PTHC,PTHC,sensor,Có,1,,
feed::PTDM,feed,PTDM,PTDM,motor_solenoid,Chưa đối chiếu lại,0,,
feed::RHC,feed,RHC,RHC,sensor,Chưa đối chiếu lại,0,,
feed::LHC,feed,LHC,LHC,sensor,Chưa đối chiếu lại,0,,
feed::ASENCN1,feed,ASENCN1,ASENCN1,connector,Chưa đối chiếu lại,1,Có,
feed::PCHS,feed,PCHS,PCHS,sensor,Có,2,Có,
feed::PSFC,feed,PSFC,PSFC,sensor,Có,1,,Vùng cụm / mẫu vị trí cassette
feed::ASENCN2,feed,ASENCN2,ASENCN2,connector,Chưa đối chiếu lại,1,Có,
feed::PSEN4,feed,PSEN4,PSEN4,connector,Chưa đối chiếu lại,0,,
feed::PSEN5,feed,PSEN5,PSEN5,connector,Chưa đối chiếu lại,0,,
feed::PLAS,feed,PLAS,PLAS,sensor,Có,2,Có,
feed::PLLS,feed,PLLS,PLLS,sensor,Có,2,Có,
feed::LRS,feed,LRS,LRS,sensor,Chưa đối chiếu lại,0,,
feed::PLCS,feed,PLCS,PLCS,sensor,Có,1,Có,
feed::PERC,feed,PERC,PERC,sensor,Có,1,,Vùng cụm / mẫu vị trí cassette
feed::PELC,feed,PELC,PELC,sensor,Có,1,,Vùng cụm / mẫu vị trí cassette
feed::PLRS,feed,PLRS,PLRS,sensor,Có,2,Có,
feed::LCS,feed,LCS,LCS,sensor,Chưa đối chiếu lại,0,,
feed::PSRS,feed,PSRS,PSRS,sensor,Có,1,Có,Vùng cụm / mẫu vị trí cassette
feed::PSLS,feed,PSLS,PSLS,sensor,Có,1,Có,Vùng cụm / mẫu vị trí cassette
feed::ORS,feed,ORS,ORS,sensor,Chưa đối chiếu lại,0,,
feed::POLS,feed,POLS,POLS,sensor,Có,1,Có,Vùng cụm / mẫu vị trí cassette
feed::PSEN3,feed,PSEN3,PSEN3,connector,Chưa đối chiếu lại,0,,
escrow::SEN1,escrow,SEN1,SEN1,connector,Chưa đối chiếu lại,0,,
escrow::ETEC,escrow,ETEC,ETEC,sensor,Có,1,,
escrow::ERDM,escrow,ERDM,ERDM,motor_solenoid,Chưa đối chiếu lại,0,,
escrow::EC2C,escrow,EC2C,EC2C,sensor,Có,1,,
escrow::ETFC,escrow,ETFC,ETFC,sensor,Có,1,,
escrow::ENRS,escrow,ENRS,ENRS,sensor,Có,2,Có,
escrow::ENLS,escrow,ENLS,ENLS,sensor,Có,2,Có,
escrow::TEC,escrow,TEC,TEC,sensor,Chưa đối chiếu lại,0,,
escrow::SEN2,escrow,SEN2,SEN2,connector,Chưa đối chiếu lại,0,,
escrow::EC1C,escrow,EC1C,EC1C,sensor,Có,1,,
escrow::ER1C,escrow,ER1C,ER1C,sensor,Có,1,,
escrow::ER2C,escrow,ER2C,ER2C,sensor,Có,1,,
escrow::ER3C,escrow,ER3C,ER3C,sensor,Có,1,,
escrow::ER4C,escrow,ER4C,ER4C,sensor,Có,1,,
escrow::ETCS,escrow,ETCS,ETCS,sensor,Có,2,Có,
reject_transport::DRAWERCN,reject_transport,DRAWERCN,DRAWERCN,connector,Chưa đối chiếu lại,0,,
lower_exception_bin::CFLC,lower_exception_bin,CFLC,CFLC,sensor,Chưa đối chiếu lại,0,,
cassette_transport::CTSS,cassette_transport,CTSS,CTSS,sensor,Chưa đối chiếu lại,0,,
cassette_transport::CFSC,cassette_transport,CFSC,CFSC,sensor,Chưa đối chiếu lại,0,,
cassette_transport::ESC,cassette_transport,ESC,ESC,sensor,Chưa đối chiếu lại,0,,
cassette_transport::NESC,cassette_transport,NESC,NESC,sensor,Chưa đối chiếu lại,0,,
cassette_transport::CP,cassette_transport,CP,CP,sensor,Chưa đối chiếu lại,0,,
cassette_transport::SC,cassette_transport,SC,SC,sensor,Chưa đối chiếu lại,0,,
cassette_transport::CSSM,cassette_transport,CSSM,CSSM,motor_solenoid,Chưa đối chiếu lại,0,,
cassette_transport::CPSC,cassette_transport,CPSC,CPSC,sensor,Chưa đối chiếu lại,0,,
cassette_transport::CSSC,cassette_transport,CSSC,CSSC,sensor,Chưa đối chiếu lại,0,,
cassette_transport::CSFM,cassette_transport,CSFM,CSFM,motor_solenoid,Chưa đối chiếu lại,0,,
cassette_transport::CVSC,cassette_transport,CVSC,CVSC,sensor,Chưa đối chiếu lại,0,,
cassette_transport::CESC,cassette_transport,CESC,CESC,sensor,Chưa đối chiếu lại,0,,
cassette_transport::FSC,cassette_transport,FSC,FSC,sensor,Chưa đối chiếu lại,0,,
cassette_transport::NFSC,cassette_transport,NFSC,NFSC,sensor,Chưa đối chiếu lại,0,,
reject_transport::CS3,reject_transport,CS3,CS3,connector,Chưa đối chiếu lại,0,,
reject_transport::RCFC,reject_transport,RCFC,RCFC,sensor,Có,1,,
reject_transport::RBFC,reject_transport,RBFC,RBFC,sensor,Có,1,,
reject_transport::RAFC,reject_transport,RAFC,RAFC,sensor,Có,1,,
lower_exception_bin::SENCN,lower_exception_bin,SENCN,SENCN,connector,Chưa đối chiếu lại,0,,
lower_exception_bin::LCFS,lower_exception_bin,LCFS,LCFS,sensor,Chưa đối chiếu lại,0,,
cassette_transport::COSC,cassette_transport,COSC,COSC,sensor,Chưa đối chiếu lại,0,,
cassette_transport::CSMG,cassette_transport,CSMG,CSMG,motor_solenoid,Chưa đối chiếu lại,0,,
cassette_transport::CRSS,cassette_transport,CRSS,CRSS,sensor,Chưa đối chiếu lại,0,,
cassette_transport::CLSS,cassette_transport,CLSS,CLSS,sensor,Chưa đối chiếu lại,0,,
reject_transport::RJDCN,reject_transport,RJDCN,RJDCN,connector,Chưa đối chiếu lại,0,,
reject_transport::RTCS,reject_transport,RTCS,RTCS,sensor,Có,2,Có,
reject_transport::RTBS,reject_transport,RTBS,RTBS,sensor,Có,2,Có,
reject_transport::RTAS,reject_transport,RTAS,RTAS,sensor,Có,2,Có,
lower_exception_bin::LTC2S,lower_exception_bin,LTC2S,LTC2S,sensor,Chưa đối chiếu lại,0,,
lower_exception_bin::LTC3S,lower_exception_bin,LTC3S,LTC3S,sensor,Chưa đối chiếu lại,0,,
lower_exception_bin::LTC4S,lower_exception_bin,LTC4S,LTC4S,sensor,Chưa đối chiếu lại,0,,
lower_exception_bin::LTC5S,lower_exception_bin,LTC5S,LTC5S,sensor,Chưa đối chiếu lại,0,,
lower_exception_bin::LTC6S,lower_exception_bin,LTC6S,LTC6S,sensor,Chưa đối chiếu lại,0,,
cassette_1::CT1S,cassette_1,CT1S,CT1S,sensor,Chưa đối chiếu lại,0,Có,
cassette_1::CF1C,cassette_1,CF1C,CF1C,sensor,Chưa đối chiếu lại,1,,
cassette_1::NE1C,cassette_1,NE1C,NE1C,sensor,Chưa đối chiếu lại,1,,
cassette_1::CP1C,cassette_1,CP1C,CP1C,sensor,Chưa đối chiếu lại,1,,
cassette_1::CS1M,cassette_1,CS1M,CS1M,motor_solenoid,Chưa đối chiếu lại,0,,
cassette_1::CS3,cassette_1,CS3,CS3,connector,Chưa đối chiếu lại,0,,
cassette_1::CS1C,cassette_1,CS1C,CS1C,sensor,Chưa đối chiếu lại,0,,
cassette_1::C1FM,cassette_1,C1FM,C1FM,motor_solenoid,Chưa đối chiếu lại,0,,
cassette_1::CV1C,cassette_1,CV1C,CV1C,sensor,Chưa đối chiếu lại,0,,
cassette_1::CAS,cassette_1,CAS,CAS,connector,Chưa đối chiếu lại,0,,
cassette_1::CT1LS,cassette_1,CT1LS,CT1LS,sensor,Chưa đối chiếu lại,0,,
cassette_1::CF1LS,cassette_1,CF1LS,CF1LS,sensor,Chưa đối chiếu lại,0,,
cassette_1::CE1LC,cassette_1,CE1LC,CE1LC,sensor,Chưa đối chiếu lại,0,,
cassette_1::NE1LC,cassette_1,NE1LC,NE1LC,sensor,Chưa đối chiếu lại,0,,
cassette_1::CP1LC,cassette_1,CP1LC,CP1LC,sensor,Chưa đối chiếu lại,0,,
cassette_1::C1LSM,cassette_1,C1LSM,C1LSM,motor_solenoid,Chưa đối chiếu lại,0,,
cassette_1::CS1LM,cassette_1,CS1LM,CS1LM,motor_solenoid,Chưa đối chiếu lại,0,,
cassette_1::CS1LC,cassette_1,CS1LC,CS1LC,sensor,Chưa đối chiếu lại,0,,
cassette_1::C1LFM,cassette_1,C1LFM,C1LFM,motor_solenoid,Chưa đối chiếu lại,0,,
cassette_1::CE1C,cassette_1,CE1C,CE1C,sensor,Chưa đối chiếu lại,0,,
cassette_1::NF1C,cassette_1,NF1C,NF1C,sensor,Chưa đối chiếu lại,1,,
cassette_1::CF1LC,cassette_1,CF1LC,CF1LC,sensor,Chưa đối chiếu lại,0,,
cassette_1::NF1LC,cassette_1,NF1LC,NF1LC,sensor,Chưa đối chiếu lại,0,,
cassette_1::CV1LC,cassette_1,CV1LC,CV1LC,sensor,Chưa đối chiếu lại,0,,
cassette_1::CO1C,cassette_1,CO1C,CO1C,sensor,Chưa đối chiếu lại,0,,
cassette_1::C1MG,cassette_1,C1MG,C1MG,motor_solenoid,Chưa đối chiếu lại,0,,
cassette_1::CO1LC,cassette_1,CO1LC,CO1LC,sensor,Chưa đối chiếu lại,0,,
cassette_1::C1LMG,cassette_1,C1LMG,C1LMG,motor_solenoid,Chưa đối chiếu lại,0,,
cassette_1::CR1S,cassette_1,CR1S,CR1S,sensor,Chưa đối chiếu lại,1,,Vùng cụm / mẫu vị trí cassette
cassette_1::CL1S,cassette_1,CL1S,CL1S,sensor,Chưa đối chiếu lại,1,,Vùng cụm / mẫu vị trí cassette
cassette_1::CR1LS,cassette_1,CR1LS,CR1LS,sensor,Chưa đối chiếu lại,0,,
cassette_1::CL1LS,cassette_1,CL1LS,CL1LS,sensor,Chưa đối chiếu lại,0,,
cassette_2::CT2S,cassette_2,CT2S,CT2S,sensor,Chưa đối chiếu lại,0,Có,
cassette_2::CF2C,cassette_2,CF2C,CF2C,sensor,Chưa đối chiếu lại,1,,Vùng cụm / mẫu vị trí cassette
cassette_2::CE2C,cassette_2,CE2C,CE2C,sensor,Chưa đối chiếu lại,1,,Vùng cụm / mẫu vị trí cassette
cassette_2::NE2C,cassette_2,NE2C,NE2C,sensor,Chưa đối chiếu lại,1,,Vùng cụm / mẫu vị trí cassette
cassette_2::CP2C,cassette_2,CP2C,CP2C,sensor,Chưa đối chiếu lại,1,,Vùng cụm / mẫu vị trí cassette
cassette_2::C2SM,cassette_2,C2SM,C2SM,motor_solenoid,Chưa đối chiếu lại,0,,
cassette_2::CS2C,cassette_2,CS2C,CS2C,sensor,Chưa đối chiếu lại,0,,
cassette_2::C2FM,cassette_2,C2FM,C2FM,motor_solenoid,Chưa đối chiếu lại,0,,
cassette_2::CV2C,cassette_2,CV2C,CV2C,sensor,Chưa đối chiếu lại,1,,Vùng cụm / mẫu vị trí cassette
cassette_2::CT2LS,cassette_2,CT2LS,CT2LS,sensor,Chưa đối chiếu lại,0,,
cassette_2::CF2LS,cassette_2,CF2LS,CF2LS,sensor,Chưa đối chiếu lại,0,,
cassette_2::CE2LC,cassette_2,CE2LC,CE2LC,sensor,Chưa đối chiếu lại,0,,
cassette_2::NE2LC,cassette_2,NE2LC,NE2LC,sensor,Chưa đối chiếu lại,0,,
cassette_2::CP2LC,cassette_2,CP2LC,CP2LC,sensor,Chưa đối chiếu lại,0,,
cassette_2::C2LSM,cassette_2,C2LSM,C2LSM,motor_solenoid,Chưa đối chiếu lại,0,,
cassette_2::CS2LC,cassette_2,CS2LC,CS2LC,sensor,Chưa đối chiếu lại,0,,
cassette_2::C2LFM,cassette_2,C2LFM,C2LFM,motor_solenoid,Chưa đối chiếu lại,0,,
cassette_2::CV2LC,cassette_2,CV2LC,CV2LC,sensor,Chưa đối chiếu lại,0,,
cassette_2::CAS,cassette_2,CAS,CAS,connector,Chưa đối chiếu lại,0,,
cassette_2::NF2C,cassette_2,NF2C,NF2C,sensor,Chưa đối chiếu lại,1,,Vùng cụm / mẫu vị trí cassette
cassette_2::CF2LC,cassette_2,CF2LC,CF2LC,sensor,Chưa đối chiếu lại,0,,
cassette_2::NF2LC,cassette_2,NF2LC,NF2LC,sensor,Chưa đối chiếu lại,0,,
cassette_2::CO2C,cassette_2,CO2C,CO2C,sensor,Chưa đối chiếu lại,1,,Vùng cụm / mẫu vị trí cassette
cassette_2::C2MG,cassette_2,C2MG,Solenoid position,motor_solenoid,Chưa đối chiếu lại,1,,Callout 13 = CxMG / Solenoid position. Callout 1 is the separate untagged solenoid; electrical role/type needs circuit confirmation.
cassette_2::CO2LC,cassette_2,CO2LC,CO2LC,sensor,Chưa đối chiếu lại,0,,
cassette_2::C2LMG,cassette_2,C2LMG,C2LMG,motor_solenoid,Chưa đối chiếu lại,0,,
cassette_2::CR2S,cassette_2,CR2S,CR2S,sensor,Chưa đối chiếu lại,1,,Vùng cụm / mẫu vị trí cassette
cassette_2::CL2S,cassette_2,CL2S,CL2S,sensor,Chưa đối chiếu lại,1,,Vùng cụm / mẫu vị trí cassette
cassette_2::CR2LS,cassette_2,CR2LS,CR2LS,sensor,Chưa đối chiếu lại,0,,
cassette_2::CL2LS,cassette_2,CL2LS,CL2LS,sensor,Chưa đối chiếu lại,0,,
cassette_3::CT3S,cassette_3,CT3S,CT3S,sensor,Chưa đối chiếu lại,0,Có,
cassette_3::CF3C,cassette_3,CF3C,CF3C,sensor,Chưa đối chiếu lại,1,,Vùng cụm / mẫu vị trí cassette
cassette_3::CE3C,cassette_3,CE3C,CE3C,sensor,Chưa đối chiếu lại,1,,Vùng cụm / mẫu vị trí cassette
cassette_3::NE3C,cassette_3,NE3C,NE3C,sensor,Chưa đối chiếu lại,1,,Vùng cụm / mẫu vị trí cassette
cassette_3::CP3C,cassette_3,CP3C,CP3C,sensor,Chưa đối chiếu lại,1,,Vùng cụm / mẫu vị trí cassette
cassette_3::C3SM,cassette_3,C3SM,C3SM,motor_solenoid,Chưa đối chiếu lại,0,,
cassette_3::CS3C,cassette_3,CS3C,CS3C,sensor,Chưa đối chiếu lại,0,,
cassette_3::C3FM,cassette_3,C3FM,C3FM,motor_solenoid,Chưa đối chiếu lại,0,,
cassette_3::CV3C,cassette_3,CV3C,CV3C,sensor,Chưa đối chiếu lại,1,,Vùng cụm / mẫu vị trí cassette
cassette_3::CT3LS,cassette_3,CT3LS,CT3LS,sensor,Chưa đối chiếu lại,0,,
cassette_3::CF3LS,cassette_3,CF3LS,CF3LS,sensor,Chưa đối chiếu lại,0,,
cassette_3::CE3LC,cassette_3,CE3LC,CE3LC,sensor,Chưa đối chiếu lại,0,,
cassette_3::NE3LC,cassette_3,NE3LC,NE3LC,sensor,Chưa đối chiếu lại,0,,
cassette_3::CP3LC,cassette_3,CP3LC,CP3LC,sensor,Chưa đối chiếu lại,0,,
cassette_3::C3LSM,cassette_3,C3LSM,C3LSM,motor_solenoid,Chưa đối chiếu lại,0,,
cassette_3::CS3LC,cassette_3,CS3LC,CS3LC,sensor,Chưa đối chiếu lại,0,,
cassette_3::C3LFM,cassette_3,C3LFM,C3LFM,motor_solenoid,Chưa đối chiếu lại,0,,
cassette_3::CV3LC,cassette_3,CV3LC,CV3LC,sensor,Chưa đối chiếu lại,0,,
cassette_3::CAS,cassette_3,CAS,CAS,connector,Chưa đối chiếu lại,0,,
cassette_3::NF3C,cassette_3,NF3C,NF3C,sensor,Chưa đối chiếu lại,1,,Vùng cụm / mẫu vị trí cassette
cassette_3::CF3LC,cassette_3,CF3LC,CF3LC,sensor,Chưa đối chiếu lại,0,,
cassette_3::NF3LC,cassette_3,NF3LC,NF3LC,sensor,Chưa đối chiếu lại,0,,
cassette_3::CO3C,cassette_3,CO3C,CO3C,sensor,Chưa đối chiếu lại,1,,Vùng cụm / mẫu vị trí cassette
cassette_3::C3MG,cassette_3,C3MG,Solenoid position,motor_solenoid,Chưa đối chiếu lại,1,,Callout 13 = CxMG / Solenoid position. Callout 1 is the separate untagged solenoid; electrical role/type needs circuit confirmation.
cassette_3::CO3LC,cassette_3,CO3LC,CO3LC,sensor,Chưa đối chiếu lại,0,,
cassette_3::C3LMG,cassette_3,C3LMG,C3LMG,motor_solenoid,Chưa đối chiếu lại,0,,
cassette_3::CR3S,cassette_3,CR3S,CR3S,sensor,Chưa đối chiếu lại,1,,Vùng cụm / mẫu vị trí cassette
cassette_3::CL3S,cassette_3,CL3S,CL3S,sensor,Chưa đối chiếu lại,1,,Vùng cụm / mẫu vị trí cassette
cassette_3::CR3LS,cassette_3,CR3LS,CR3LS,sensor,Chưa đối chiếu lại,0,,
cassette_3::CL3LS,cassette_3,CL3LS,CL3LS,sensor,Chưa đối chiếu lại,0,,
cassette_4::CT4S,cassette_4,CT4S,CT4S,sensor,Chưa đối chiếu lại,0,Có,
cassette_4::CF4C,cassette_4,CF4C,CF4C,sensor,Chưa đối chiếu lại,1,,Vùng cụm / mẫu vị trí cassette
cassette_4::CE4C,cassette_4,CE4C,CE4C,sensor,Chưa đối chiếu lại,1,,Vùng cụm / mẫu vị trí cassette
cassette_4::NE4C,cassette_4,NE4C,NE4C,sensor,Chưa đối chiếu lại,1,,Vùng cụm / mẫu vị trí cassette
cassette_4::CP4C,cassette_4,CP4C,CP4C,sensor,Chưa đối chiếu lại,1,,Vùng cụm / mẫu vị trí cassette
cassette_4::C4SM,cassette_4,C4SM,C4SM,motor_solenoid,Chưa đối chiếu lại,0,,
cassette_4::CS4C,cassette_4,CS4C,CS4C,sensor,Chưa đối chiếu lại,0,,
cassette_4::C4FM,cassette_4,C4FM,C4FM,motor_solenoid,Chưa đối chiếu lại,0,,
cassette_4::CV4C,cassette_4,CV4C,CV4C,sensor,Chưa đối chiếu lại,1,,Vùng cụm / mẫu vị trí cassette
cassette_4::CT4LS,cassette_4,CT4LS,CT4LS,sensor,Chưa đối chiếu lại,0,,
cassette_4::CF4LS,cassette_4,CF4LS,CF4LS,sensor,Chưa đối chiếu lại,0,,
cassette_4::CE4LC,cassette_4,CE4LC,CE4LC,sensor,Chưa đối chiếu lại,0,,
cassette_4::NE4LC,cassette_4,NE4LC,NE4LC,sensor,Chưa đối chiếu lại,0,,
cassette_4::CP4LC,cassette_4,CP4LC,CP4LC,sensor,Chưa đối chiếu lại,0,,
cassette_4::C4LSM,cassette_4,C4LSM,C4LSM,motor_solenoid,Chưa đối chiếu lại,0,,
cassette_4::CS4LC,cassette_4,CS4LC,CS4LC,sensor,Chưa đối chiếu lại,0,,
cassette_4::C4LFM,cassette_4,C4LFM,C4LFM,motor_solenoid,Chưa đối chiếu lại,0,,
cassette_4::CV4LC,cassette_4,CV4LC,CV4LC,sensor,Chưa đối chiếu lại,0,,
cassette_4::CAS,cassette_4,CAS,CAS,connector,Chưa đối chiếu lại,0,,
cassette_4::NF4C,cassette_4,NF4C,NF4C,sensor,Chưa đối chiếu lại,1,,Vùng cụm / mẫu vị trí cassette
cassette_4::CF4LC,cassette_4,CF4LC,CF4LC,sensor,Chưa đối chiếu lại,0,,
cassette_4::NF4LC,cassette_4,NF4LC,NF4LC,sensor,Chưa đối chiếu lại,0,,
cassette_4::CO4C,cassette_4,CO4C,CO4C,sensor,Chưa đối chiếu lại,1,,Vùng cụm / mẫu vị trí cassette
cassette_4::C4MG,cassette_4,C4MG,Solenoid position,motor_solenoid,Chưa đối chiếu lại,1,,Callout 13 = CxMG / Solenoid position. Callout 1 is the separate untagged solenoid; electrical role/type needs circuit confirmation.
cassette_4::CO4LC,cassette_4,CO4LC,CO4LC,sensor,Chưa đối chiếu lại,0,,
cassette_4::C4LMG,cassette_4,C4LMG,C4LMG,motor_solenoid,Chưa đối chiếu lại,0,,
cassette_4::CR4S,cassette_4,CR4S,CR4S,sensor,Chưa đối chiếu lại,1,,Vùng cụm / mẫu vị trí cassette
cassette_4::CL4S,cassette_4,CL4S,CL4S,sensor,Chưa đối chiếu lại,1,,Vùng cụm / mẫu vị trí cassette
cassette_4::CR4LS,cassette_4,CR4LS,CR4LS,sensor,Chưa đối chiếu lại,0,,
cassette_4::CL4LS,cassette_4,CL4LS,CL4LS,sensor,Chưa đối chiếu lại,0,,
cassette_5::CT5S,cassette_5,CT5S,CT5S,sensor,Chưa đối chiếu lại,0,Có,
cassette_5::CF5C,cassette_5,CF5C,CF5C,sensor,Chưa đối chiếu lại,1,,Vùng cụm / mẫu vị trí cassette
cassette_5::CE5C,cassette_5,CE5C,CE5C,sensor,Chưa đối chiếu lại,1,,Vùng cụm / mẫu vị trí cassette
cassette_5::NE5C,cassette_5,NE5C,NE5C,sensor,Chưa đối chiếu lại,1,,Vùng cụm / mẫu vị trí cassette
cassette_5::CP5C,cassette_5,CP5C,CP5C,sensor,Chưa đối chiếu lại,1,,Vùng cụm / mẫu vị trí cassette
cassette_5::C5SM,cassette_5,C5SM,C5SM,motor_solenoid,Chưa đối chiếu lại,0,,
cassette_5::CS5C,cassette_5,CS5C,CS5C,sensor,Chưa đối chiếu lại,0,,
cassette_5::C5FM,cassette_5,C5FM,C5FM,motor_solenoid,Chưa đối chiếu lại,0,,
cassette_5::CV5C,cassette_5,CV5C,CV5C,sensor,Chưa đối chiếu lại,1,,Vùng cụm / mẫu vị trí cassette
cassette_5::CT5LS,cassette_5,CT5LS,CT5LS,sensor,Chưa đối chiếu lại,0,,
cassette_5::CF5LS,cassette_5,CF5LS,CF5LS,sensor,Chưa đối chiếu lại,0,,
cassette_5::CE5LC,cassette_5,CE5LC,CE5LC,sensor,Chưa đối chiếu lại,0,,
cassette_5::NE5LC,cassette_5,NE5LC,NE5LC,sensor,Chưa đối chiếu lại,0,,
cassette_5::CP5LC,cassette_5,CP5LC,CP5LC,sensor,Chưa đối chiếu lại,0,,
cassette_5::C5LSM,cassette_5,C5LSM,C5LSM,motor_solenoid,Chưa đối chiếu lại,0,,
cassette_5::CS5LC,cassette_5,CS5LC,CS5LC,sensor,Chưa đối chiếu lại,0,,
cassette_5::C5LFM,cassette_5,C5LFM,C5LFM,motor_solenoid,Chưa đối chiếu lại,0,,
cassette_5::CV5LC,cassette_5,CV5LC,CV5LC,sensor,Chưa đối chiếu lại,0,,
cassette_5::CAS,cassette_5,CAS,CAS,connector,Chưa đối chiếu lại,0,,
cassette_5::NF5C,cassette_5,NF5C,NF5C,sensor,Chưa đối chiếu lại,1,,Vùng cụm / mẫu vị trí cassette
cassette_5::CF5LC,cassette_5,CF5LC,CF5LC,sensor,Chưa đối chiếu lại,0,,
cassette_5::NF5LC,cassette_5,NF5LC,NF5LC,sensor,Chưa đối chiếu lại,0,,
cassette_5::CO5C,cassette_5,CO5C,CO5C,sensor,Chưa đối chiếu lại,1,,Vùng cụm / mẫu vị trí cassette
cassette_5::C5MG,cassette_5,C5MG,Solenoid position,motor_solenoid,Chưa đối chiếu lại,1,,Callout 13 = CxMG / Solenoid position. Callout 1 is the separate untagged solenoid; electrical role/type needs circuit confirmation.
cassette_5::CO5LC,cassette_5,CO5LC,CO5LC,sensor,Chưa đối chiếu lại,0,,
cassette_5::C5LMG,cassette_5,C5LMG,C5LMG,motor_solenoid,Chưa đối chiếu lại,0,,
cassette_5::CR5S,cassette_5,CR5S,CR5S,sensor,Chưa đối chiếu lại,1,,Vùng cụm / mẫu vị trí cassette
cassette_5::CL5S,cassette_5,CL5S,CL5S,sensor,Chưa đối chiếu lại,1,,Vùng cụm / mẫu vị trí cassette
cassette_5::CR5LS,cassette_5,CR5LS,CR5LS,sensor,Chưa đối chiếu lại,0,,
cassette_5::CL5LS,cassette_5,CL5LS,CL5LS,sensor,Chưa đối chiếu lại,0,,
cassette_6::CT6S,cassette_6,CT6S,CT6S,sensor,Chưa đối chiếu lại,0,,
cassette_6::CF6C,cassette_6,CF6C,CF6C,sensor,Chưa đối chiếu lại,0,,
cassette_6::CE6C,cassette_6,CE6C,CE6C,sensor,Chưa đối chiếu lại,0,,
cassette_6::NE6C,cassette_6,NE6C,NE6C,sensor,Chưa đối chiếu lại,0,,
cassette_6::CP6C,cassette_6,CP6C,CP6C,sensor,Chưa đối chiếu lại,0,,
cassette_6::C6SM,cassette_6,C6SM,C6SM,motor_solenoid,Chưa đối chiếu lại,0,,
cassette_6::CS6C,cassette_6,CS6C,CS6C,sensor,Chưa đối chiếu lại,0,,
cassette_6::C6FM,cassette_6,C6FM,C6FM,motor_solenoid,Chưa đối chiếu lại,0,,
cassette_6::CV6C,cassette_6,CV6C,CV6C,sensor,Chưa đối chiếu lại,0,,
cassette_6::CT6LS,cassette_6,CT6LS,CT6LS,sensor,Chưa đối chiếu lại,0,,
cassette_6::CF6LS,cassette_6,CF6LS,CF6LS,sensor,Chưa đối chiếu lại,0,,
cassette_6::CE6LC,cassette_6,CE6LC,CE6LC,sensor,Chưa đối chiếu lại,0,,
cassette_6::NE6LC,cassette_6,NE6LC,NE6LC,sensor,Chưa đối chiếu lại,0,,
cassette_6::CP6LC,cassette_6,CP6LC,CP6LC,sensor,Chưa đối chiếu lại,0,,
cassette_6::C6LSM,cassette_6,C6LSM,C6LSM,motor_solenoid,Chưa đối chiếu lại,0,,
cassette_6::CS6LC,cassette_6,CS6LC,CS6LC,sensor,Chưa đối chiếu lại,0,,
cassette_6::C6LFM,cassette_6,C6LFM,C6LFM,motor_solenoid,Chưa đối chiếu lại,0,,
cassette_6::CV6LC,cassette_6,CV6LC,CV6LC,sensor,Chưa đối chiếu lại,0,,
cassette_6::CAS,cassette_6,CAS,CAS,connector,Chưa đối chiếu lại,0,,
cassette_6::NF6C,cassette_6,NF6C,NF6C,sensor,Chưa đối chiếu lại,0,,
cassette_6::CF6LC,cassette_6,CF6LC,CF6LC,sensor,Chưa đối chiếu lại,0,,
cassette_6::NF6LC,cassette_6,NF6LC,NF6LC,sensor,Chưa đối chiếu lại,0,,
cassette_6::CO6C,cassette_6,CO6C,CO6C,sensor,Chưa đối chiếu lại,0,,
cassette_6::C6MG,cassette_6,C6MG,C6MG,motor_solenoid,Chưa đối chiếu lại,0,,
cassette_6::CO6LC,cassette_6,CO6LC,CO6LC,sensor,Chưa đối chiếu lại,0,,
cassette_6::C6LMG,cassette_6,C6LMG,C6LMG,motor_solenoid,Chưa đối chiếu lại,0,,
cassette_6::CR6S,cassette_6,CR6S,CR6S,sensor,Chưa đối chiếu lại,0,,
cassette_6::CL6S,cassette_6,CL6S,CL6S,sensor,Chưa đối chiếu lại,0,,
cassette_6::CR6LS,cassette_6,CR6LS,CR6LS,sensor,Chưa đối chiếu lại,0,,
cassette_6::CL6LS,cassette_6,CL6LS,CL6LS,sensor,Chưa đối chiếu lại,0,,
lower_exception_bin::CAS,lower_exception_bin,CAS,CAS,connector,Chưa đối chiếu lại,0,,
feed::PSEN1,feed,PSEN1,PSEN1,connector,Chưa đối chiếu lại,0,,
feed::PSEN2,feed,PSEN2,PSEN2,connector,Chưa đối chiếu lại,0,,
upper_transport::UFJCT,upper_transport,UFJCT,UFJCT,connector,Chưa đối chiếu lại,0,,
upper_transport::UTLS,upper_transport,UTLS,UTLS,sensor,Chưa đối chiếu lại,0,,
bill_validation::UT1S,bill_validation,UT1S,UT1S,sensor,Chưa đối chiếu lại,2,,UTIS (as printed); existing circuit/MData tag UT1S retained
upper_transport::UTJCT,upper_transport,UTJCT,UTJCT,connector,Chưa đối chiếu lại,0,,
upper_transport::UT2S,upper_transport,UT2S,UT2S,sensor,Có,2,Có,
upper_transport::UT3S,upper_transport,UT3S,UT3S,sensor,Có,2,Có,
escrow::UTCS,escrow,UTCS,UTCS,sensor,Chưa đối chiếu lại,0,,
upper_transport::UT4S,upper_transport,UT4S,UT4S,sensor,Có,2,Có,
feed::PSEN6,feed,PSEN6,PSEN6,connector,Chưa đối chiếu lại,0,,
feed::PTIS,feed,PTIS,PTIS,sensor,Có,2,Có,
feed::PSEN7,feed,PSEN7,PSEN7,connector,Chưa đối chiếu lại,0,,
feed::PTOS,feed,PTOS,PTOS,sensor,Có,2,,
escrow::SEN1JCT,escrow,SEN1JCT,SEN1JCT,connector,Chưa đối chiếu lại,0,,
escrow::UTES,escrow,UTES,UTES,sensor,Có,2,Có,
lower_transport_1::SENSOR,lower_transport_1,SENSOR,SENSOR,connector,Chưa đối chiếu lại,0,,
lower_transport_1::LT1S,lower_transport_1,LT1S,LT1S · Transport vị trí cassette 1,sensor,Chưa đối chiếu lại,2,Có,
lower_transport_2::SENSOR,lower_transport_2,SENSOR,SENSOR,connector,Chưa đối chiếu lại,0,,
lower_transport_2::LT2S,lower_transport_2,LT2S,LT2S · Transport vị trí cassette 2,sensor,Chưa đối chiếu lại,2,Có,
lower_transport_3::SENSOR,lower_transport_3,SENSOR,SENSOR,connector,Chưa đối chiếu lại,0,,
lower_transport_3::LT3S,lower_transport_3,LT3S,LT3S · Transport vị trí cassette 3,sensor,Chưa đối chiếu lại,2,Có,
lower_transport_4::SENSOR,lower_transport_4,SENSOR,SENSOR,connector,Chưa đối chiếu lại,0,,
lower_transport_4::LT4S,lower_transport_4,LT4S,LT4S · Transport vị trí cassette 4,sensor,Chưa đối chiếu lại,2,Có,
lower_transport_5::SENSOR,lower_transport_5,SENSOR,SENSOR,connector,Chưa đối chiếu lại,0,,
lower_transport_5::LT5S,lower_transport_5,LT5S,LT5S · Transport vị trí cassette 5,sensor,Chưa đối chiếu lại,2,Có,
lower_transport_6::SENSOR,lower_transport_6,SENSOR,SENSOR,connector,Chưa đối chiếu lại,0,,
lower_transport_6::LT6S,lower_transport_6,LT6S,LT6S · Transport vị trí cassette 6,sensor,Chưa đối chiếu lại,0,,
lower_transport_1::SENSCN,lower_transport_1,SENSCN,SENSCN,connector,Chưa đối chiếu lại,0,,
lower_transport_1::LTC1S,lower_transport_1,LTC1S,LTC1S,sensor,Chưa đối chiếu lại,0,,
lower_transport_2::LTC2S,lower_transport_2,LTC2S,LTC2S,sensor,Chưa đối chiếu lại,0,,
lower_transport_3::LTC3S,lower_transport_3,LTC3S,LTC3S,sensor,Chưa đối chiếu lại,0,,
lower_transport_4::LTC4S,lower_transport_4,LTC4S,LTC4S,sensor,Chưa đối chiếu lại,0,,
lower_transport_5::LTC5S,lower_transport_5,LTC5S,LTC5S,sensor,Chưa đối chiếu lại,0,,
lower_transport_6::LTC6S,lower_transport_6,LTC6S,LTC6S,sensor,Chưa đối chiếu lại,0,,
feed::PORS,feed,PORS,PORS,sensor,Có,1,Có,Vùng cụm / mẫu vị trí cassette
feed::UT1S,feed,UT1S,UT1S,sensor,Chưa đối chiếu lại,0,,
bill_validation::UT3S,bill_validation,UT3S,UT3S,sensor,Chưa đối chiếu lại,0,,
upper_transport::PSEN6,upper_transport,PSEN6,PSEN6,connector,Chưa đối chiếu lại,0,,
upper_transport::PTIS,upper_transport,PTIS,PTIS,sensor,Chưa đối chiếu lại,0,,
escrow::ESCSCN,escrow,ESCSCN,ESCSCN,connector,Chưa đối chiếu lại,0,,
lower_transport_1::SENCN,lower_transport_1,SENCN,SENCN,connector,Chưa đối chiếu lại,0,,
feed::UPLC,feed,UPLC,UPLC,sensor,Chưa đối chiếu lại,0,,
reject_transport::RTSET,reject_transport,RTSET,RTSET,sensor,Chưa đối chiếu lại,0,,
escrow::ESCSET1,escrow,ESCSET1,ESCSET1,sensor,Chưa đối chiếu lại,0,,
cassette_1::UPM,cassette_1,UPM,UPM,connector,Chưa đối chiếu lại,0,,
cassette_1::CYUFM,cassette_1,CYUFM,CYUFM,connector,Chưa đối chiếu lại,0,,
cassette_1::SMMG,cassette_1,SMMG,SMMG,connector,Chưa đối chiếu lại,0,,
cassette_2::UPM,cassette_2,UPM,UPM,connector,Chưa đối chiếu lại,0,,
cassette_2::CYUFM,cassette_2,CYUFM,CYUFM,connector,Chưa đối chiếu lại,0,,
cassette_2::SMMG,cassette_2,SMMG,SMMG,connector,Chưa đối chiếu lại,0,,
cassette_3::UPM,cassette_3,UPM,UPM,connector,Chưa đối chiếu lại,0,,
cassette_3::CYUFM,cassette_3,CYUFM,CYUFM,connector,Chưa đối chiếu lại,0,,
cassette_3::SMMG,cassette_3,SMMG,SMMG,connector,Chưa đối chiếu lại,0,,
cassette_4::UPM,cassette_4,UPM,UPM,connector,Chưa đối chiếu lại,0,,
cassette_4::CYUFM,cassette_4,CYUFM,CYUFM,connector,Chưa đối chiếu lại,0,,
cassette_4::SMMG,cassette_4,SMMG,SMMG,connector,Chưa đối chiếu lại,0,,
cassette_5::UPM,cassette_5,UPM,UPM,connector,Chưa đối chiếu lại,0,,
cassette_5::CYUFM,cassette_5,CYUFM,CYUFM,connector,Chưa đối chiếu lại,0,,
cassette_5::SMMG,cassette_5,SMMG,SMMG,connector,Chưa đối chiếu lại,0,,
cassette_6::UPM,cassette_6,UPM,UPM,connector,Chưa đối chiếu lại,0,,
cassette_6::CYUFM,cassette_6,CYUFM,CYUFM,connector,Chưa đối chiếu lại,0,,
cassette_6::SMMG,cassette_6,SMMG,SMMG,connector,Chưa đối chiếu lại,0,,
cassette_1::CYLCN,cassette_1,CYLCN,CYLCN,connector,Chưa đối chiếu lại,0,,
cassette_1::CYLF,cassette_1,CYLF,CYLF,connector,Chưa đối chiếu lại,0,,
cassette_2::CYLCN,cassette_2,CYLCN,CYLCN,connector,Chưa đối chiếu lại,0,,
cassette_2::CYLF,cassette_2,CYLF,CYLF,connector,Chưa đối chiếu lại,0,,
cassette_3::CYLCN,cassette_3,CYLCN,CYLCN,connector,Chưa đối chiếu lại,0,,
cassette_3::CYLF,cassette_3,CYLF,CYLF,connector,Chưa đối chiếu lại,0,,
cassette_4::CYLCN,cassette_4,CYLCN,CYLCN,connector,Chưa đối chiếu lại,0,,
cassette_4::CYLF,cassette_4,CYLF,CYLF,connector,Chưa đối chiếu lại,0,,
cassette_5::CYLCN,cassette_5,CYLCN,CYLCN,connector,Chưa đối chiếu lại,0,,
cassette_5::CYLF,cassette_5,CYLF,CYLF,connector,Chưa đối chiếu lại,0,,
cassette_6::CYLCN,cassette_6,CYLCN,CYLCN,connector,Chưa đối chiếu lại,0,,
cassette_6::CYLF,cassette_6,CYLF,CYLF,connector,Chưa đối chiếu lại,0,,
cassette_transport::SMFM,cassette_transport,SMFM,SMFM,motor_solenoid,Chưa đối chiếu lại,0,,
feed::AMCN,feed,AMCN,AMCN,connector,Chưa đối chiếu lại,1,,
escrow::ESCCN,escrow,ESCCN,ESCCN,connector,Chưa đối chiếu lại,0,,
escrow::SMM,escrow,SMM,SMM,connector,Chưa đối chiếu lại,0,,
cassette_1::CYUCN,cassette_1,CYUCN,CYUCN,connector,Chưa đối chiếu lại,0,,
cassette_1::CYU,cassette_1,CYU,CYU,connector,Chưa đối chiếu lại,0,,
cassette_1::SM,cassette_1,SM,SM,connector,Chưa đối chiếu lại,0,,
cassette_1::C1SM,cassette_1,C1SM,C1SM,motor_solenoid,Chưa đối chiếu lại,0,,
cassette_2::CYUCN,cassette_2,CYUCN,CYUCN,connector,Chưa đối chiếu lại,0,,
cassette_2::CYU,cassette_2,CYU,CYU,connector,Chưa đối chiếu lại,0,,
cassette_2::SM,cassette_2,SM,SM,connector,Chưa đối chiếu lại,0,,
cassette_3::CYUCN,cassette_3,CYUCN,CYUCN,connector,Chưa đối chiếu lại,0,,
cassette_3::CYU,cassette_3,CYU,CYU,connector,Chưa đối chiếu lại,0,,
cassette_3::SM,cassette_3,SM,SM,connector,Chưa đối chiếu lại,0,,
cassette_4::CYUCN,cassette_4,CYUCN,CYUCN,connector,Chưa đối chiếu lại,0,,
cassette_4::CYU,cassette_4,CYU,CYU,connector,Chưa đối chiếu lại,0,,
cassette_4::SM,cassette_4,SM,SM,connector,Chưa đối chiếu lại,0,,
cassette_5::CYUCN,cassette_5,CYUCN,CYUCN,connector,Chưa đối chiếu lại,0,,
cassette_5::CYU,cassette_5,CYU,CYU,connector,Chưa đối chiếu lại,0,,
cassette_5::SM,cassette_5,SM,SM,connector,Chưa đối chiếu lại,0,,
cassette_6::CYUCN,cassette_6,CYUCN,CYUCN,connector,Chưa đối chiếu lại,0,,
cassette_6::CYU,cassette_6,CYU,CYU,connector,Chưa đối chiếu lại,0,,
cassette_6::SM,cassette_6,SM,SM,connector,Chưa đối chiếu lại,0,,
cassette_1::CYLS,cassette_1,CYLS,CYLS,connector,Chưa đối chiếu lại,0,,
cassette_2::CYLS,cassette_2,CYLS,CYLS,connector,Chưa đối chiếu lại,0,,
cassette_3::CYLS,cassette_3,CYLS,CYLS,connector,Chưa đối chiếu lại,0,,
cassette_4::CYLS,cassette_4,CYLS,CYLS,connector,Chưa đối chiếu lại,0,,
cassette_5::CYLS,cassette_5,CYLS,CYLS,connector,Chưa đối chiếu lại,0,,
cassette_6::CYLS,cassette_6,CYLS,CYLS,connector,Chưa đối chiếu lại,0,,
cassette_transport::SMSM,cassette_transport,SMSM,SMSM,motor_solenoid,Chưa đối chiếu lại,0,,
upper_transport::CENSCN,upper_transport,CENSCN,CENSCN,connector,Chưa đối chiếu lại,0,,
upper_transport::CEDM,upper_transport,CEDM,CEDM,motor_solenoid,Chưa đối chiếu lại,0,,
upper_transport::CRDC,upper_transport,CRDC,CRDC,sensor,Có,1,,
upper_transport::CLDC,upper_transport,CLDC,CLDC,sensor,Có,1,,
upper_controller_electronics::ERDM,upper_controller_electronics,ERDM,ERDM,motor_solenoid,Chưa đối chiếu lại,0,,
upper_controller_electronics::CEDM,upper_controller_electronics,CEDM,CEDM,motor_solenoid,Chưa đối chiếu lại,0,,
lower_controller_electronics::C1FM,lower_controller_electronics,C1FM,C1FM,motor_solenoid,Chưa đối chiếu lại,0,,
lower_controller_electronics::C2FM,lower_controller_electronics,C2FM,C2FM,motor_solenoid,Chưa đối chiếu lại,0,,
lower_controller_electronics::C3FM,lower_controller_electronics,C3FM,C3FM,motor_solenoid,Chưa đối chiếu lại,0,,
lower_controller_electronics::C4FM,lower_controller_electronics,C4FM,C4FM,motor_solenoid,Chưa đối chiếu lại,0,,
lower_controller_electronics::C5FM,lower_controller_electronics,C5FM,C5FM,motor_solenoid,Chưa đối chiếu lại,0,,
lower_controller_electronics::C6FM,lower_controller_electronics,C6FM,C6FM,motor_solenoid,Chưa đối chiếu lại,0,,
lower_controller_electronics::C2LFM,lower_controller_electronics,C2LFM,C2LFM,motor_solenoid,Chưa đối chiếu lại,0,,
lower_controller_electronics::C3LFM,lower_controller_electronics,C3LFM,C3LFM,motor_solenoid,Chưa đối chiếu lại,0,,
lower_controller_electronics::C4LFM,lower_controller_electronics,C4LFM,C4LFM,motor_solenoid,Chưa đối chiếu lại,0,,
lower_controller_electronics::C5LFM,lower_controller_electronics,C5LFM,C5LFM,motor_solenoid,Chưa đối chiếu lại,0,,
lower_controller_electronics::C6LFM,lower_controller_electronics,C6LFM,C6LFM,motor_solenoid,Chưa đối chiếu lại,0,,
upper_controller_electronics::SMFM,upper_controller_electronics,SMFM,SMFM,motor_solenoid,Chưa đối chiếu lại,0,,
lower_controller_electronics::C1SM,lower_controller_electronics,C1SM,C1SM,motor_solenoid,Chưa đối chiếu lại,0,,
lower_controller_electronics::C2SM,lower_controller_electronics,C2SM,C2SM,motor_solenoid,Chưa đối chiếu lại,0,,
lower_controller_electronics::C3SM,lower_controller_electronics,C3SM,C3SM,motor_solenoid,Chưa đối chiếu lại,0,,
lower_controller_electronics::C4SM,lower_controller_electronics,C4SM,C4SM,motor_solenoid,Chưa đối chiếu lại,0,,
lower_controller_electronics::C5SM,lower_controller_electronics,C5SM,C5SM,motor_solenoid,Chưa đối chiếu lại,0,,
lower_controller_electronics::C6SM,lower_controller_electronics,C6SM,C6SM,motor_solenoid,Chưa đối chiếu lại,0,,
lower_controller_electronics::C2LSM,lower_controller_electronics,C2LSM,C2LSM,motor_solenoid,Chưa đối chiếu lại,0,,
lower_controller_electronics::C3LSM,lower_controller_electronics,C3LSM,C3LSM,motor_solenoid,Chưa đối chiếu lại,0,,
lower_controller_electronics::C4LSM,lower_controller_electronics,C4LSM,C4LSM,motor_solenoid,Chưa đối chiếu lại,0,,
lower_controller_electronics::C5LSM,lower_controller_electronics,C5LSM,C5LSM,motor_solenoid,Chưa đối chiếu lại,0,,
lower_controller_electronics::C6LSM,lower_controller_electronics,C6LSM,C6LSM,motor_solenoid,Chưa đối chiếu lại,0,,
upper_controller_electronics::SMSM,upper_controller_electronics,SMSM,SMSM,motor_solenoid,Chưa đối chiếu lại,0,,
upper_controller_electronics::UFJCT,upper_controller_electronics,UFJCT,UFJCT,connector,Chưa đối chiếu lại,0,,
upper_controller_electronics::UAMG,upper_controller_electronics,UAMG,UAMG,motor_solenoid,Chưa đối chiếu lại,0,,
upper_controller_electronics::UBMG,upper_controller_electronics,UBMG,UBMG,motor_solenoid,Chưa đối chiếu lại,0,,
upper_controller_electronics::UCMG,upper_controller_electronics,UCMG,UCMG,motor_solenoid,Chưa đối chiếu lại,0,,
upper_controller_electronics::SMMGJCT,upper_controller_electronics,SMMGJCT,SMMGJCT,connector,Chưa đối chiếu lại,0,,
upper_controller_electronics::EDMG,upper_controller_electronics,EDMG,EDMG,motor_solenoid,Chưa đối chiếu lại,0,,
upper_controller_electronics::REMG,upper_controller_electronics,REMG,REMG,motor_solenoid,Chưa đối chiếu lại,0,,
upper_controller_electronics::RFMG,upper_controller_electronics,RFMG,RFMG,motor_solenoid,Chưa đối chiếu lại,0,,
lower_controller_electronics::L1MG,lower_controller_electronics,L1MG,L1MG,motor_solenoid,Chưa đối chiếu lại,0,,
lower_controller_electronics::L2MG,lower_controller_electronics,L2MG,L2MG,motor_solenoid,Chưa đối chiếu lại,0,,
lower_controller_electronics::L3MG,lower_controller_electronics,L3MG,L3MG,motor_solenoid,Chưa đối chiếu lại,0,,
lower_controller_electronics::L4MG,lower_controller_electronics,L4MG,L4MG,motor_solenoid,Chưa đối chiếu lại,0,,
lower_controller_electronics::L5MG,lower_controller_electronics,L5MG,L5MG,motor_solenoid,Chưa đối chiếu lại,0,,
lower_controller_electronics::L6MG,lower_controller_electronics,L6MG,L6MG,motor_solenoid,Chưa đối chiếu lại,0,,
lower_controller_electronics::L2LMG,lower_controller_electronics,L2LMG,L2LMG,motor_solenoid,Chưa đối chiếu lại,0,,
lower_controller_electronics::L3LMG,lower_controller_electronics,L3LMG,L3LMG,motor_solenoid,Chưa đối chiếu lại,0,,
lower_controller_electronics::L4LMG,lower_controller_electronics,L4LMG,L4LMG,motor_solenoid,Chưa đối chiếu lại,0,,
lower_controller_electronics::L5LMG,lower_controller_electronics,L5LMG,L5LMG,motor_solenoid,Chưa đối chiếu lại,0,,
lower_controller_electronics::L6LMG,lower_controller_electronics,L6LMG,L6LMG,motor_solenoid,Chưa đối chiếu lại,0,,
lower_controller_electronics::LC1MG,lower_controller_electronics,LC1MG,LC1MG,motor_solenoid,Chưa đối chiếu lại,0,,
lower_controller_electronics::C1MG,lower_controller_electronics,C1MG,C1MG,motor_solenoid,Chưa đối chiếu lại,0,,
lower_controller_electronics::C2MG,lower_controller_electronics,C2MG,C2MG,motor_solenoid,Chưa đối chiếu lại,0,,
lower_controller_electronics::C3MG,lower_controller_electronics,C3MG,C3MG,motor_solenoid,Chưa đối chiếu lại,0,,
lower_controller_electronics::C4MG,lower_controller_electronics,C4MG,C4MG,motor_solenoid,Chưa đối chiếu lại,0,,
lower_controller_electronics::C5MG,lower_controller_electronics,C5MG,C5MG,motor_solenoid,Chưa đối chiếu lại,0,,
lower_controller_electronics::C6MG,lower_controller_electronics,C6MG,C6MG,motor_solenoid,Chưa đối chiếu lại,0,,
lower_controller_electronics::C2LMG,lower_controller_electronics,C2LMG,C2LMG,motor_solenoid,Chưa đối chiếu lại,0,,
lower_controller_electronics::C3LMG,lower_controller_electronics,C3LMG,C3LMG,motor_solenoid,Chưa đối chiếu lại,0,,
lower_controller_electronics::C4LMG,lower_controller_electronics,C4LMG,C4LMG,motor_solenoid,Chưa đối chiếu lại,0,,
lower_controller_electronics::C5LMG,lower_controller_electronics,C5LMG,C5LMG,motor_solenoid,Chưa đối chiếu lại,0,,
lower_controller_electronics::C6LMG,lower_controller_electronics,C6LMG,C6LMG,motor_solenoid,Chưa đối chiếu lại,0,,
upper_controller_electronics::SMMG,upper_controller_electronics,SMMG,SMMG,motor_solenoid,Chưa đối chiếu lại,0,,
lower_controller_electronics::LC2MG,lower_controller_electronics,LC2MG,LC2MG,motor_solenoid,Chưa đối chiếu lại,0,,
lower_controller_electronics::LC3MG,lower_controller_electronics,LC3MG,LC3MG,motor_solenoid,Chưa đối chiếu lại,0,,
lower_controller_electronics::LC4MG,lower_controller_electronics,LC4MG,LC4MG,motor_solenoid,Chưa đối chiếu lại,0,,
lower_controller_electronics::LC5MG,lower_controller_electronics,LC5MG,LC5MG,motor_solenoid,Chưa đối chiếu lại,0,,
lower_controller_electronics::LC6MG,lower_controller_electronics,LC6MG,LC6MG,motor_solenoid,Chưa đối chiếu lại,0,,
lower_controller_electronics::C1LSM,lower_controller_electronics,C1LSM,C1LSM,motor_solenoid,Chưa đối chiếu lại,0,,
lower_controller_electronics::C1LFM,lower_controller_electronics,C1LFM,C1LFM,motor_solenoid,Chưa đối chiếu lại,0,,
lower_controller_electronics::L1LMG,lower_controller_electronics,L1LMG,L1LMG,motor_solenoid,Chưa đối chiếu lại,0,,
lower_controller_electronics::C1LMG,lower_controller_electronics,C1LMG,C1LMG,motor_solenoid,Chưa đối chiếu lại,0,,
feed::SLRMG,feed,SLRMG,SLRMG,motor_solenoid,Chưa đối chiếu lại,0,,
feed::SLP1MG,feed,SLP1MG,SLP1MG,motor_solenoid,Chưa đối chiếu lại,0,,
feed::SLP2MG,feed,SLP2MG,SLP2MG,motor_solenoid,Chưa đối chiếu lại,0,,
intermediate_transport::JCT,intermediate_transport,JCT,JCT,connector,Chưa đối chiếu lại,0,,
intermediate_transport::JTCS,intermediate_transport,JTCS,JTCS,sensor,Có,2,,
feed::PSES,feed,PSES,PSES,sensor,Chưa đối chiếu lại,0,,
upper_transport::UTCS,upper_transport,UTCS,UTCS,sensor,Chưa đối chiếu lại,0,,
bill_validation::UTJCT,bill_validation,UTJCT,UTJCT,connector,Chưa đối chiếu lại,0,,
bill_validation::UT2S,bill_validation,UT2S,UT2S,sensor,Chưa đối chiếu lại,0,,
feed::UTJST,feed,UTJST,UTJST,connector,Chưa đối chiếu lại,0,,
escrow::ESCSET,escrow,ESCSET,ESCSET,sensor,Chưa đối chiếu lại,0,,
escrow::UESC,escrow,UESC,UESC,sensor,Chưa đối chiếu lại,0,,
reject_transport::RJLC,reject_transport,RJLC,RJLC,sensor,Có,1,,
cassette_transport::LODSET,cassette_transport,LODSET,LODSET,sensor,Chưa đối chiếu lại,0,,
cassette_1::C1SET,cassette_1,C1SET,C1SET,sensor,Chưa đối chiếu lại,0,,
cassette_2::C2SET,cassette_2,C2SET,C2SET,sensor,Chưa đối chiếu lại,0,,
cassette_3::C3SET,cassette_3,C3SET,C3SET,sensor,Chưa đối chiếu lại,0,,
cassette_4::C4SET,cassette_4,C4SET,C4SET,sensor,Chưa đối chiếu lại,0,,
cassette_5::C5SET,cassette_5,C5SET,C5SET,sensor,Chưa đối chiếu lại,0,,
cassette_6::C6SET,cassette_6,C6SET,C6SET,sensor,Chưa đối chiếu lại,0,,
lower_exception_bin::CS3,lower_exception_bin,CS3,CS3,connector,Chưa đối chiếu lại,0,,
lower_exception_bin::CFL2C,lower_exception_bin,CFL2C,CFL2C,sensor,Chưa đối chiếu lại,0,,
lower_exception_bin::CFL3C,lower_exception_bin,CFL3C,CFL3C,sensor,Chưa đối chiếu lại,0,,
lower_exception_bin::CFL4C,lower_exception_bin,CFL4C,CFL4C,sensor,Chưa đối chiếu lại,0,,
lower_exception_bin::CFL5C,lower_exception_bin,CFL5C,CFL5C,sensor,Chưa đối chiếu lại,0,,
lower_exception_bin::CFL6C,lower_exception_bin,CFL6C,CFL6C,sensor,Chưa đối chiếu lại,0,,
feed::PNTS,feed,PNTS,PNTS,sensor,Có,2,Có,
lower_exception_bin::CS2,lower_exception_bin,CS2,CS2,connector,Chưa đối chiếu lại,0,,
lower_exception_bin::LC2FS,lower_exception_bin,LC2FS,LC2FS,sensor,Chưa đối chiếu lại,0,,
lower_exception_bin::LC3FS,lower_exception_bin,LC3FS,LC3FS,sensor,Chưa đối chiếu lại,0,,
lower_exception_bin::LC4FS,lower_exception_bin,LC4FS,LC4FS,sensor,Chưa đối chiếu lại,0,,
lower_exception_bin::LC5FS,lower_exception_bin,LC5FS,LC5FS,sensor,Chưa đối chiếu lại,0,,
lower_exception_bin::LC6FS,lower_exception_bin,LC6FS,LC6FS,sensor,Chưa đối chiếu lại,0,,
cassette_3::CR2LS,cassette_3,CR2LS,CR2LS,sensor,Chưa đối chiếu lại,0,,
cassette_3::CL2LS,cassette_3,CL2LS,CL2LS,sensor,Chưa đối chiếu lại,0,,
cassette_3::CT2LS,cassette_3,CT2LS,CT2LS,sensor,Chưa đối chiếu lại,0,,
feed::PLFC,feed,PLFC,PLFC,sensor,Có,2,,Vùng cụm / mẫu vị trí cassette
front_transport::UTLS,front_transport,UTLS,UTLS,sensor,Có,2,,
cassette_transport::LT1S,cassette_transport,LT1S,LT1S,sensor,Chưa đối chiếu lại,2,,
cassette_transport::ER4C,cassette_transport,ER4C,ER4C,sensor,Có,1,,
cassette_transport::LTXS,cassette_transport,LTXS,LTXS,sensor,Chưa đối chiếu lại,0,,
cassette_transport::LCFS,cassette_transport,LCFS,LCFS,sensor,Chưa đối chiếu lại,0,,
upper_controller_electronics::SBR02AA,upper_controller_electronics,SBR02AA,SR Upper PCB,board,Có,0,,
upper_controller_electronics::APWR,upper_controller_electronics,APWR,APWR · SBR02AA,connector,Chưa đối chiếu lại,0,,
upper_controller_electronics::CENTCN,upper_controller_electronics,CENTCN,CENTCN · SBR02AA,connector,Chưa đối chiếu lại,0,,
upper_controller_electronics::CENSCN,upper_controller_electronics,CENSCN,CENSCN · SBR02AA,connector,Chưa đối chiếu lại,0,,
upper_controller_electronics::USENCN1,upper_controller_electronics,USENCN1,USENCN1 · SBR02AA,connector,Chưa đối chiếu lại,0,,
upper_controller_electronics::UMCN,upper_controller_electronics,UMCN,UMCN · SBR02AA,connector,Chưa đối chiếu lại,0,,
upper_controller_electronics::ESCSCN,upper_controller_electronics,ESCSCN,ESCSCN · SBR02AA,connector,Chưa đối chiếu lại,0,,
upper_controller_electronics::RJCN,upper_controller_electronics,RJCN,RJCN · SBR02AA,connector,Chưa đối chiếu lại,0,,
upper_controller_electronics::UBCN,upper_controller_electronics,UBCN,UBCN · SBR02AA,connector,Chưa đối chiếu lại,0,,
upper_controller_electronics::UILCN,upper_controller_electronics,UILCN,UILCN · SBR02AA,connector,Chưa đối chiếu lại,0,,
upper_controller_electronics::UPWR,upper_controller_electronics,UPWR,UPWR · SBR02AA,connector,Chưa đối chiếu lại,0,,
feed::SBR03AA,feed,SBR03AA,SR Acceptor PCB,board,Có,1,Có,
feed::AMEMCN,feed,AMEMCN,AMEMCN · SBR03AA,connector,Chưa đối chiếu lại,1,,
feed::MDTCN,feed,MDTCN,MDTCN · SBR03AA,connector,Chưa đối chiếu lại,1,,
feed::ACTCN,feed,ACTCN,ACTCN · SBR03AA,connector,Chưa đối chiếu lại,2,Có,
feed::APWR,feed,APWR,APWR · SBR03AA,connector,Chưa đối chiếu lại,2,Có,
lower_controller_electronics::SBR04AA,lower_controller_electronics,SBR04AA,SR Lower Base PCB,board,Có,0,,
lower_controller_electronics::SMMG,lower_controller_electronics,SMMG,SMMG · SBR04AA,connector,Chưa đối chiếu lại,0,,
lower_controller_electronics::SENSOR,lower_controller_electronics,SENSOR,SENSOR · SBR04AA,connector,Chưa đối chiếu lại,0,,
lower_controller_electronics::INTERLOK,lower_controller_electronics,INTERLOK,INTERLOK · SBR04AA,connector,Chưa đối chiếu lại,0,,
lower_controller_electronics::PWRIN1,lower_controller_electronics,PWRIN1,PWRIN1 · SBR04AA,connector,Chưa đối chiếu lại,0,,
lower_controller_electronics::PWRIN2,lower_controller_electronics,PWRIN2,PWRIN2 · SBR04AA,connector,Chưa đối chiếu lại,0,,
lower_controller_electronics::IOIN,lower_controller_electronics,IOIN,IOIN · SBR04AA,connector,Chưa đối chiếu lại,0,,
lower_controller_electronics::CAS,lower_controller_electronics,CAS,CAS · SBR04AA,connector,Chưa đối chiếu lại,0,,
lower_controller_electronics::DCCN2,lower_controller_electronics,DCCN2,DCCN2 · SBR04AA,connector,Chưa đối chiếu lại,0,,
lower_controller_electronics::IOOUT,lower_controller_electronics,IOOUT,IOOUT · SBR04AA,connector,Chưa đối chiếu lại,0,,
lower_controller_electronics::DCCN,lower_controller_electronics,DCCN,DCCN · SBR04AA,connector,Chưa đối chiếu lại,0,,
lower_controller_electronics::PWROUT,lower_controller_electronics,PWROUT,PWROUT · SBR04AA,connector,Chưa đối chiếu lại,0,,
cassette_transport::SBR05AA,cassette_transport,SBR05AA,SR Lower Holder PCB,board,Có,0,,
cassette_transport::SBR05AA_PWRIN,cassette_transport,SBR05AA_PWRIN,PWRIN · SBR05AA,connector,Chưa đối chiếu lại,0,,
cassette_transport::SBR05AA_IOIN,cassette_transport,SBR05AA_IOIN,IOIN · SBR05AA,connector,Chưa đối chiếu lại,0,,
cassette_transport::SBR05AA_CAS,cassette_transport,SBR05AA_CAS,CAS · SBR05AA,connector,Chưa đối chiếu lại,0,,
cassette_transport::SBR05AA_IOOUT,cassette_transport,SBR05AA_IOOUT,IOOUT · SBR05AA,connector,Chưa đối chiếu lại,0,,
cassette_transport::SBR05AA_PWROUT,cassette_transport,SBR05AA_PWROUT,PWROUT · SBR05AA,connector,Chưa đối chiếu lại,0,,
cassette_transport::SBR05AA_SMMG,cassette_transport,SBR05AA_SMMG,SMMG · SBR05AA,connector,Chưa đối chiếu lại,0,,
cassette_transport::SBR05AA_SENSOR,cassette_transport,SBR05AA_SENSOR,SENSOR · SBR05AA,connector,Chưa đối chiếu lại,0,,
escrow::SBR06AA,escrow,SBR06AA,SR Escrow PCB,board,Có,1,Có,
escrow::SBR06AA_ESCCN,escrow,SBR06AA_ESCCN,ESCCN · SBR06AA,connector,Chưa đối chiếu lại,1,Có,
escrow::SBR06AA_SMMG,escrow,SBR06AA_SMMG,SMMG · SBR06AA,connector,Chưa đối chiếu lại,1,Có,
escrow::SBR06AA_SEN1,escrow,SBR06AA_SEN1,SEN1 · SBR06AA,connector,Chưa đối chiếu lại,1,Có,
escrow::SBR06AA_SEN2,escrow,SBR06AA_SEN2,SEN2 · SBR06AA,connector,Chưa đối chiếu lại,1,Có,
cassette_transport::SBR07AA,cassette_transport,SBR07AA,SR Split Holder PCB,board,Có,0,,
cassette_transport::SBR07AA_PWRIN,cassette_transport,SBR07AA_PWRIN,PWRIN · SBR07AA,connector,Chưa đối chiếu lại,0,,
cassette_transport::SBR07AA_IOIN,cassette_transport,SBR07AA_IOIN,IOIN · SBR07AA,connector,Chưa đối chiếu lại,0,,
cassette_transport::SBR07AA_SCASCN,cassette_transport,SBR07AA_SCASCN,SCASCN · SBR07AA,connector,Chưa đối chiếu lại,0,,
cassette_transport::SBR07AA_IOOUT,cassette_transport,SBR07AA_IOOUT,IOOUT · SBR07AA,connector,Chưa đối chiếu lại,0,,
cassette_transport::SBR07AA_CYCUN,cassette_transport,SBR07AA_CYCUN,CYCUN · SBR07AA,connector,Chưa đối chiếu lại,0,,
cassette_transport::SBR07AA_CYLCN,cassette_transport,SBR07AA_CYLCN,CYLCN · SBR07AA,connector,Chưa đối chiếu lại,0,,
cassette_transport::SBR07AA_PWROUT,cassette_transport,SBR07AA_PWROUT,PWROUT · SBR07AA,connector,Chưa đối chiếu lại,0,,
cassette_transport::SBR07AA_SENCN,cassette_transport,SBR07AA_SENCN,SENCN · SBR07AA,connector,Chưa đối chiếu lại,0,,
cassette_transport::SBR08AA,cassette_transport,SBR08AA,SR Split Cassette PCB,board,Có,0,,
cassette_transport::SBR08AA_SPLCN,cassette_transport,SBR08AA_SPLCN,SPLCN · SBR08AA,connector,Chưa đối chiếu lại,0,,
cassette_transport::SBR08AA_SENU,cassette_transport,SBR08AA_SENU,SENU · SBR08AA,connector,Chưa đối chiếu lại,0,,
cassette_transport::SBR08AA_MGCN,cassette_transport,SBR08AA_MGCN,MGCN · SBR08AA,connector,Chưa đối chiếu lại,0,,
cassette_transport::SBR08AA_CENL,cassette_transport,SBR08AA_CENL,CENL · SBR08AA,connector,Chưa đối chiếu lại,0,,
cassette_transport::SBR09AA,cassette_transport,SBR09AA,SR Cassette PCB,board,Có,0,,
cassette_transport::SBR09AA_CS1,cassette_transport,SBR09AA_CS1,CS1 · SBR09AA,connector,Chưa đối chiếu lại,0,,
cassette_transport::SBR09AA_CS3,cassette_transport,SBR09AA_CS3,CS3 · SBR09AA,connector,Chưa đối chiếu lại,0,,
cassette_transport::SBR09AA_MGCN,cassette_transport,SBR09AA_MGCN,MGCN · SBR09AA,connector,Chưa đối chiếu lại,0,,
cassette_transport::SBR09AA_CS2,cassette_transport,SBR09AA_CS2,CS2 · SBR09AA,connector,Chưa đối chiếu lại,0,,
shutter::SHUTTER_PCB,shutter,SHUTTER_PCB,SR Shutter PCB,board,Có,0,,
shutter::SHUTTER_PCB_Motor,shutter,SHUTTER_PCB_Motor,Motor · SHUTTER_PCB,connector,Chưa đối chiếu lại,0,,
shutter::SHUTTER_PCB_DC_In,shutter,SHUTTER_PCB_DC_In,DC_In · SHUTTER_PCB,connector,Chưa đối chiếu lại,0,,
shutter::SHUTTER_PCB_SR_In,shutter,SHUTTER_PCB_SR_In,SR_In · SHUTTER_PCB,connector,Chưa đối chiếu lại,0,,
shutter::SHUTTER_PCB_Solenoid_Sensor,shutter,SHUTTER_PCB_Solenoid_Sensor,Solenoid_Sensor · SHUTTER_PCB,connector,Chưa đối chiếu lại,0,,
upper_transport::UPPER_TRANSPORT_MOTOR,upper_transport,UPPER_TRANSPORT_MOTOR,Motor truyền động Upper Module,motor,Chưa đối chiếu lại,0,,
upper_transport::UPPER_MODULE_DRIVE_BELT,upper_transport,UPPER_MODULE_DRIVE_BELT,Dây đai Upper Module,mechanism,Chưa đối chiếu lại,0,,
escrow::ESCROW_DOCKING_CONNECTOR,escrow,ESCROW_DOCKING_CONNECTOR,Escrow docking connector,connector,Chưa đối chiếu lại,1,Có,
bill_validation::CIS_UPPER_RIBBON,bill_validation,CIS_UPPER_RIBBON,CIS upper ribbon cable,cable,Chưa đối chiếu lại,0,,
bill_validation::CIS_LOWER_RIBBON,bill_validation,CIS_LOWER_RIBBON,CIS lower ribbon cable,cable,Chưa đối chiếu lại,0,,
upper_transport::UPPER_TRANSPORT_DRIVE_BELT,upper_transport,UPPER_TRANSPORT_DRIVE_BELT,Dây đai Upper Transport,mechanism,Chưa đối chiếu lại,0,,
cassette_transport::CASSETTE_DRIVE_MOTORS,cassette_transport,CASSETTE_DRIVE_MOTORS,Cụm motor cassette,motor,Chưa đối chiếu lại,0,Có,
cassette_transport::CASSETTE_CONNECTOR_HARNESS,cassette_transport,CASSETTE_CONNECTOR_HARNESS,Bó dây connector cassette,cable,Chưa đối chiếu lại,0,Có,
cassette_transport::HORIZONTAL_TRANSPORT_MOTOR,cassette_transport,HORIZONTAL_TRANSPORT_MOTOR,Motor Horizontal Transport,motor,Chưa đối chiếu lại,0,,
cassette_transport::LOWER_TIMING_BELT,cassette_transport,LOWER_TIMING_BELT,Timing belt cụm dưới,mechanism,Chưa đối chiếu lại,0,Có,
cassette_1::T1S,cassette_1,T1S,Transport,sensor,Chưa đối chiếu lại,2,,
cassette_2::T2S,cassette_2,T2S,Transport — TxS,sensor,Chưa đối chiếu lại,2,,Vùng cụm / mẫu vị trí cassette
cassette_3::T3S,cassette_3,T3S,Transport — TxS,sensor,Chưa đối chiếu lại,2,,Vùng cụm / mẫu vị trí cassette
cassette_4::T4S,cassette_4,T4S,Transport — TxS,sensor,Chưa đối chiếu lại,2,,Vùng cụm / mẫu vị trí cassette
cassette_5::T5S,cassette_5,T5S,Transport — TxS,sensor,Chưa đối chiếu lại,2,,Vùng cụm / mẫu vị trí cassette
cassette_2::SOLENOID_UNCODED,cassette_2,SOLENOID_UNCODED,Solenoid — không ghi mã trên hình,solenoid,Chưa đối chiếu lại,1,,Vùng cụm / mẫu vị trí cassette
cassette_3::SOLENOID_UNCODED,cassette_3,SOLENOID_UNCODED,Solenoid — không ghi mã trên hình,solenoid,Chưa đối chiếu lại,1,,Vùng cụm / mẫu vị trí cassette
cassette_4::SOLENOID_UNCODED,cassette_4,SOLENOID_UNCODED,Solenoid — không ghi mã trên hình,solenoid,Chưa đối chiếu lại,1,,Vùng cụm / mẫu vị trí cassette
cassette_5::SOLENOID_UNCODED,cassette_5,SOLENOID_UNCODED,Solenoid — không ghi mã trên hình,solenoid,Chưa đối chiếu lại,1,,Vùng cụm / mẫu vị trí cassette
cassette_2::LOWER_MODULE_INTERCONNECT,cassette_2,LOWER_MODULE_INTERCONNECT,Lower Module Interconnect,connector,Chưa đối chiếu lại,1,,Vùng cụm / mẫu vị trí cassette
cassette_3::LOWER_MODULE_INTERCONNECT,cassette_3,LOWER_MODULE_INTERCONNECT,Lower Module Interconnect,connector,Chưa đối chiếu lại,1,,Vùng cụm / mẫu vị trí cassette
cassette_4::LOWER_MODULE_INTERCONNECT,cassette_4,LOWER_MODULE_INTERCONNECT,Lower Module Interconnect,connector,Chưa đối chiếu lại,1,,Vùng cụm / mẫu vị trí cassette
cassette_5::LOWER_MODULE_INTERCONNECT,cassette_5,LOWER_MODULE_INTERCONNECT,Lower Module Interconnect,connector,Chưa đối chiếu lại,1,,Vùng cụm / mẫu vị trí cassette
cassette_2::PRISM,cassette_2,PRISM,Prism,mechanism,Chưa đối chiếu lại,1,,Vùng cụm / mẫu vị trí cassette
cassette_3::PRISM,cassette_3,PRISM,Prism,mechanism,Chưa đối chiếu lại,1,,Vùng cụm / mẫu vị trí cassette
cassette_4::PRISM,cassette_4,PRISM,Prism,mechanism,Chưa đối chiếu lại,1,,Vùng cụm / mẫu vị trí cassette
cassette_5::PRISM,cassette_5,PRISM,Prism,mechanism,Chưa đối chiếu lại,1,,Vùng cụm / mẫu vị trí cassette
cassette_1::CABLE_INTERCONNECT,cassette_1,CABLE_INTERCONNECT,Cable Interconnect,connector,Chưa đối chiếu lại,1,,
cassette_1::LOWER_MODULE_INTERCONNECT,cassette_1,LOWER_MODULE_INTERCONNECT,Lower Module Interconnect,connector,Chưa đối chiếu lại,1,,
cassette_1::PRISM,cassette_1,PRISM,Prism,mechanism,Chưa đối chiếu lại,1,,
upper_controller_electronics::SBR01AA,upper_controller_electronics,SBR01AA,SR Main PCB,board,Có,1,,
upper_controller_electronics::SBR01AA_DBGCN,upper_controller_electronics,DBGCN,Not used,connector,Có,1,,
upper_controller_electronics::SBR01AA_OUTCN,upper_controller_electronics,OUTCN,Upper & Front Transports,connector,Có,1,,
upper_controller_electronics::SBR01AA_THCN,upper_controller_electronics,THCN,BV Thickness,connector,Có,1,,
upper_controller_electronics::SBR01AA_S2IFCN,upper_controller_electronics,S2IFCN,BV Magnetic,connector,Có,1,,
upper_controller_electronics::SBR01AA_CIS1CN,upper_controller_electronics,CIS1CN,BV CIS Module,connector,Có,1,,
upper_controller_electronics::SBR01AA_CIS2CN,upper_controller_electronics,CIS2CN,BV CIS Module,connector,Có,1,,
upper_controller_electronics::SBR01AA_LWBCN,upper_controller_electronics,LWBCN,SR Lower Base PCB,connector,Có,1,,
upper_controller_electronics::SBR01AA_ACBCN,upper_controller_electronics,ACBCN,SR Acceptor PCB,connector,Có,1,,
upper_controller_electronics::SBR01AA_UPBCN,upper_controller_electronics,UPBCN,SR Upper PCB,connector,Có,1,,
upper_controller_electronics::SBR01AA_ENCCN,upper_controller_electronics,ENCCN,Not Used,connector,Có,1,,
upper_controller_electronics::SBR01AA_SHUTCN,upper_controller_electronics,SHUTCN,ATM Shutter,connector,Có,1,,
upper_controller_electronics::SBR01AA_STATCN,upper_controller_electronics,STATCN,State of Health Indicator (SOH),connector,Có,1,,
upper_controller_electronics::SBR01AA_USB,upper_controller_electronics,USB,ATM USB,connector,Có,1,,
upper_controller_electronics::SBR01AA_BV_TEMPLATE_SIMM,upper_controller_electronics,BV_TEMPLATE_SIMM,BV Template SIMM,connector,Có,1,,
